frame.time_delta_displayed,frame.len
0.000000000,60
0.924103000,92
0.076106000,60
0.159510000,60
0.840831000,60
